[
  {
    "attendance_date": "2020-02-03T00:00:00.000Z",
    "in_time": "04:00:00 PM",
    "out_time": "04:00:00 PM",
    "date": "2020-02-03T19:44:58.219Z",
    "modified_date": "2020-02-03T19:44:58.219Z",
    "status": "1",
    "id": "5e38783ad849ff00179c181d",
    "party_id": "5e2d98b055ceb603f830dc65",
    "config": {
      "notification_status": "yes"
    }
  },
  {
    "attendance_date": "2020-02-05T08:23:04.724Z",
    "in_time": "2020-02-05T08:23:04.213Z",
    "out_time": "2020-02-05T17:44:07.071Z",
    "date": "2020-02-05T08:23:05.127Z",
    "modified_date": "2020-02-05T08:23:05.127Z",
    "status": "1",
    "id": "5e3a7b6970b7a6001731f937",
    "party_id": "5e2d98b055ceb603f830dc65"
  },
  {
    "attendance_date": "2020-02-05T00:00:00.000Z",
    "in_time": "12:02:19 AM",
    "out_time": "12:00:00 PM",
    "date": "2020-02-05T18:32:19.522Z",
    "modified_date": "2020-02-05T18:32:19.522Z",
    "status": "1",
    "id": "5e3b0a33afece20017c0c028",
    "party_id": "5e2d98b055ceb603f830dc65",
    "config": {
      "notification_status": "yes"
    }
  },
  {
    "attendance_date": "2020-02-06T00:00:00.000Z",
    "in_time": "12:09:28 PM",
    "out_time": "02:21:12 PM",
    "date": "2020-02-06T06:39:32.851Z",
    "modified_date": "2020-02-06T06:39:32.851Z",
    "status": "1",
    "id": "5e3bb4a4491545001730f9fc",
    "party_id": "5e2d98b055ceb603f830dc65",
    "config": {
      "notification_status": "yes"
    }
  },
  {
    "attendance_date": "2020-02-06T00:00:00.000Z",
    "in_time": "12:23:45 AM",
    "out_time": "10:12:34 PM",
    "date": "2020-02-06T16:48:54.911Z",
    "modified_date": "2020-02-06T16:48:54.911Z",
    "status": "1",
    "id": "5e3c43764e3ec1001738ac2d",
    "party_id": "5e2d98b055ceb603f830dc65",
    "config": {
      "notification_status": "yes"
    }
  },
  {
    "attendance_date": "2020-02-07T00:00:00.000Z",
    "in_time": "09:16:00 PM",
    "out_time": "09:16:26 PM",
    "date": "2020-02-07T15:46:01.853Z",
    "modified_date": "2020-02-07T15:46:01.853Z",
    "status": "1",
    "id": "5e3d8639742a9d0017a07b6f",
    "party_id": "5e2d98b055ceb603f830dc65",
    "config": {
      "notification_status": "yes"
    }
  },
  {
    "attendance_date": "2020-02-08T11:59:14.212Z",
    "in_time": "2020-02-08T11:59:10.842Z",
    "out_time": "2020-02-08T12:08:22.116Z",
    "date": "2020-02-08T11:59:15.889Z",
    "modified_date": "2020-02-08T11:59:15.889Z",
    "status": "1",
    "id": "5e3ea2937cdddf0017f8742f",
    "party_id": "5e2d98b055ceb603f830dc65"
  },
  {
    "attendance_date": "2020-02-08T14:10:00.452Z",
    "in_time": "2020-02-08T14:09:59.968Z",
    "out_time": "2020-02-09T05:50:35.925Z",
    "date": "2020-02-08T14:10:14.574Z",
    "modified_date": "2020-02-08T14:10:14.574Z",
    "status": "1",
    "id": "5e3ec1462205dd0017ff4a8d",
    "party_id": "5e2d98b055ceb603f830dc65"
  },
  {
    "attendance_date": "2020-02-09T00:00:00.000Z",
    "in_time": "10:00:45 PM",
    "out_time": "10:00:45 PM",
    "date": "2020-02-09T06:31:01.688Z",
    "modified_date": "2020-02-09T06:31:01.687Z",
    "status": "1",
    "id": "5e3fa725449aaf001786ab91",
    "party_id": "5e2d98b055ceb603f830dc65",
    "config": {
      "notification_status": "yes"
    }
  },
  {
    "attendance_date": "2020-02-10T16:47:48.631Z",
    "in_time": "2020-02-10T16:47:48.192Z",
    "date": "2020-02-10T16:47:49.648Z",
    "modified_date": "2020-02-10T16:47:49.648Z",
    "status": "1",
    "id": "5e41893585666300178a53bb",
    "party_id": "5e2d98b055ceb603f830dc65"
  },
  {
    "attendance_date": "2020-02-10T16:49:33.303Z",
    "in_time": "2020-02-10T16:49:32.237Z",
    "out_time": "2020-02-10T17:02:18.047Z",
    "date": "2020-02-10T16:49:34.918Z",
    "modified_date": "2020-02-10T16:49:34.918Z",
    "status": "1",
    "id": "5e41899e85666300178a53be",
    "party_id": "5e2d98b055ceb603f830dc65"
  },
  {
    "attendance_date": "2020-02-10T19:49:50.525Z",
    "in_time": "2020-02-10T19:49:50.168Z",
    "out_time": "2020-02-10T19:54:47.219Z",
    "date": "2020-02-10T19:49:51.707Z",
    "modified_date": "2020-02-10T19:49:51.707Z",
    "status": "1",
    "id": "5e41b3df2c04f2001729e7a1",
    "party_id": "5e2d98b055ceb603f830dc65"
  },
  {
    "attendance_date": "2020-02-11T08:26:01.705Z",
    "in_time": "2020-02-11T08:26:01.578Z",
    "out_time": "2020-02-11T08:26:06.612Z",
    "date": "2020-02-11T08:26:02.769Z",
    "modified_date": "2020-02-11T08:26:02.769Z",
    "status": "1",
    "id": "5e42651afe26e4001782d90b",
    "party_id": "5e2d98b055ceb603f830dc65"
  },
  {
    "attendance_date": "2020-02-11T16:10:50.152Z",
    "in_time": "2020-02-11T16:10:50.143Z",
    "out_time": "2020-02-23T11:44:11.834Z",
    "date": "2020-02-11T16:10:46.661Z",
    "modified_date": "2020-02-11T16:10:46.661Z",
    "status": "1",
    "id": "5e42d2062cbeca0017b005e6",
    "party_id": "5e2d98b055ceb603f830dc65",
    "config": {
      "notification_status": "yes"
    }
  },
  {
    "attendance_date": "2020-02-18T03:11:30.117Z",
    "in_time": "2020-02-18T03:11:29.771Z",
    "date": "2020-02-18T03:11:38.104Z",
    "modified_date": "2020-02-18T03:11:38.104Z",
    "status": "1",
    "id": "5e4b55ea558e5d001705da40",
    "party_id": "5e2d98b055ceb603f830dc65"
  },
  {
    "attendance_date": "2020-02-18T14:18:35.085Z",
    "in_time": "2020-02-18T14:18:34.528Z",
    "date": "2020-02-18T14:18:35.660Z",
    "modified_date": "2020-02-18T14:18:35.660Z",
    "status": "1",
    "id": "5e4bf23bf9487f0017b5a9e9",
    "party_id": "5e2d98b055ceb603f830dc65"
  },
  {
    "attendance_date": "2020-02-18T14:25:45.085Z",
    "in_time": "2020-02-18T14:25:44.954Z",
    "out_time": "2020-02-19T02:51:58.155Z",
    "date": "2020-02-18T14:25:45.940Z",
    "modified_date": "2020-02-18T14:25:45.940Z",
    "status": "1",
    "id": "5e4bf3e9f9487f0017b5a9ee",
    "party_id": "5e2d98b055ceb603f830dc65"
  },
  {
    "attendance_date": "2020-02-19T02:52:02.656Z",
    "in_time": "2020-02-19T02:52:01.799Z",
    "out_time": "2020-02-19T12:19:12.227Z",
    "date": "2020-02-19T02:52:02.745Z",
    "modified_date": "2020-02-19T02:52:02.745Z",
    "status": "1",
    "id": "5e4ca2d27a1dec001757b425",
    "party_id": "5e2d98b055ceb603f830dc65"
  },
  {
    "attendance_date": "2020-02-19T04:52:38.053Z",
    "in_time": "2020-02-19T04:52:38.048Z",
    "out_time": "2020-02-19T06:25:18.307Z",
    "date": "2020-02-19T04:52:38.959Z",
    "modified_date": "2020-02-19T04:52:38.959Z",
    "status": "1",
    "id": "5e4cbf16f2823e0017815905",
    "party_id": "5e2d98b055ceb603f830dc65"
  },
  {
    "attendance_date": "2020-02-19T06:25:22.406Z",
    "in_time": "2020-02-19T06:25:22.401Z",
    "out_time": "2020-02-20T04:01:05.602Z",
    "date": "2020-02-19T06:25:23.263Z",
    "modified_date": "2020-02-19T06:25:23.263Z",
    "status": "1",
    "id": "5e4cd4d3f2823e0017815909",
    "party_id": "5e2d98b055ceb603f830dc65"
  },
  {
    "attendance_date": "2020-02-20T03:27:29.783Z",
    "in_time": "2020-02-20T03:27:29.429Z",
    "out_time": "2020-02-20T13:14:15.344Z",
    "date": "2020-02-20T03:27:47.092Z",
    "modified_date": "2020-02-20T03:27:47.092Z",
    "status": "1",
    "id": "5e4dfcb3b5b61b0017284429",
    "party_id": "5e2d98b055ceb603f830dc65"
  },
  {
    "attendance_date": "2020-02-20T04:01:07.901Z",
    "in_time": "2020-02-20T04:01:07.896Z",
    "out_time": "2020-02-20T04:01:15.007Z",
    "date": "2020-02-20T04:01:09.419Z",
    "modified_date": "2020-02-20T04:01:09.419Z",
    "status": "1",
    "id": "5e4e0485b5b61b001728444a",
    "party_id": "5e2d98b055ceb603f830dc65"
  },
  {
    "attendance_date": "2020-02-20T04:01:22.584Z",
    "in_time": "2020-02-20T04:01:22.579Z",
    "out_time": "2020-02-20T04:01:24.411Z",
    "date": "2020-02-20T04:01:24.135Z",
    "modified_date": "2020-02-20T04:01:24.135Z",
    "status": "1",
    "id": "5e4e0494b5b61b001728444e",
    "party_id": "5e2d98b055ceb603f830dc65"
  },
  {
    "attendance_date": "2020-02-20T04:02:57.527Z",
    "in_time": "2020-02-20T04:02:57.524Z",
    "date": "2020-02-20T04:02:59.678Z",
    "modified_date": "2020-02-20T04:02:59.678Z",
    "status": "1",
    "id": "5e4e04f3b5b61b0017284452",
    "party_id": "5e2d98b055ceb603f830dc65"
  },
  {
    "attendance_date": "2020-02-22T06:08:06.454Z",
    "in_time": "2020-02-22T06:08:05.191Z",
    "out_time": "2020-02-22T06:09:40.045Z",
    "date": "2020-02-22T06:08:06.650Z",
    "modified_date": "2020-02-22T06:08:06.650Z",
    "status": "1",
    "id": "5e50c546a2f6e700174fdec0",
    "party_id": "5e2d98b055ceb603f830dc65"
  },
  {
    "attendance_date": "2020-02-22T07:35:40.592Z",
    "in_time": "2020-02-22T07:35:40.217Z",
    "date": "2020-02-22T07:35:41.476Z",
    "modified_date": "2020-02-22T07:35:41.476Z",
    "status": "1",
    "id": "5e50d9cdedca920017ee0901",
    "party_id": "5e2d98b055ceb603f830dc65"
  },
  {
    "attendance_date": "2020-02-22T08:43:14.193Z",
    "in_time": "2020-02-22T08:43:13.966Z",
    "date": "2020-02-22T08:43:14.120Z",
    "modified_date": "2020-02-22T08:43:14.120Z",
    "status": "1",
    "id": "5e50e9a203d2b60017033978",
    "party_id": "5e2d98b055ceb603f830dc65"
  },
  {
    "attendance_date": "2020-02-22T10:46:43.207Z",
    "in_time": "2020-02-22T10:46:42.989Z",
    "date": "2020-02-22T10:46:43.328Z",
    "modified_date": "2020-02-22T10:46:43.328Z",
    "status": "1",
    "id": "5e51069303d2b6001703397f",
    "party_id": "5e2d98b055ceb603f830dc65"
  },
  {
    "attendance_date": "2020-02-22T11:02:09.521Z",
    "in_time": "2020-02-22T11:02:09.005Z",
    "date": "2020-02-22T11:02:10.081Z",
    "modified_date": "2020-02-22T11:02:10.081Z",
    "status": "1",
    "id": "5e510a3203d2b60017033988",
    "party_id": "5e2d98b055ceb603f830dc65"
  },
  {
    "attendance_date": "2020-02-23T11:45:27.292Z",
    "in_time": "2020-02-23T11:45:27.283Z",
    "date": "2020-02-23T11:45:28.485Z",
    "modified_date": "2020-02-23T11:45:28.485Z",
    "status": "1",
    "id": "5e5265d8b24cd815485cb062",
    "party_id": "5e2d98b055ceb603f830dc65"
  },
  {
    "attendance_date": "2020-02-23T12:15:31.123Z",
    "in_time": "2020-02-23T12:15:31.115Z",
    "out_time": "2020-02-26T06:39:59.178Z",
    "date": "2020-02-23T12:15:32.971Z",
    "modified_date": "2020-02-23T12:15:32.971Z",
    "status": "1",
    "id": "5e526ce4b24cd815485cb066",
    "party_id": "5e2d98b055ceb603f830dc65"
  },
  {
    "attendance_date": "2020-02-26T07:31:04.719Z",
    "in_time": "2020-02-26T07:31:04.714Z",
    "out_time": "2020-02-26T07:31:45.207Z",
    "date": "2020-02-26T07:31:06.379Z",
    "modified_date": "2020-02-26T07:31:06.372Z",
    "status": "1",
    "id": "5e561eba2cf6ef2620f29bf7",
    "party_id": "5e2d98b055ceb603f830dc65"
  },
  {
    "attendance_date": "2020-02-27T11:55:27.207Z",
    "in_time": "2020-02-27T11:55:27.199Z",
    "out_time": "2020-02-28T12:35:14.255Z",
    "date": "2020-02-27T11:55:28.214Z",
    "modified_date": "2020-02-27T11:55:28.214Z",
    "status": "1",
    "id": "5e57ae308d0ae42240edd502",
    "party_id": "5e2d98b055ceb603f830dc65"
  },
  {
    "attendance_date": "2020-02-28T12:35:16.258Z",
    "in_time": "2020-02-28T12:35:16.256Z",
    "out_time": "2020-02-28T12:35:20.765Z",
    "date": "2020-02-28T12:35:17.122Z",
    "modified_date": "2020-02-28T12:35:17.122Z",
    "status": "1",
    "id": "5e5909054f9c5c2238821a19",
    "party_id": "5e2d98b055ceb603f830dc65"
  },
  {
    "attendance_date": "2020-02-29T13:49:48.072Z",
    "in_time": "2020-02-29T13:49:48.065Z",
    "out_time": "2020-02-29T13:49:56.753Z",
    "date": "2020-02-29T13:49:46.079Z",
    "modified_date": "2020-02-29T13:49:46.079Z",
    "status": "1",
    "id": "5e5a6bface73250017c4f1ea",
    "party_id": "5e2d98b055ceb603f830dc65"
  },
  {
    "attendance_date": "2020-02-29T14:03:58.049Z",
    "in_time": "2020-02-29T14:03:54.652Z",
    "date": "2020-02-29T14:03:58.029Z",
    "modified_date": "2020-02-29T14:03:58.029Z",
    "status": "1",
    "id": "5e5a6f4ece73250017c4f1ee",
    "party_id": "5e2d98b055ceb603f830dc65"
  },
  {
    "attendance_date": "2020-03-02T10:29:14.292Z",
    "in_time": "2020-03-02T10:29:14.286Z",
    "out_time": "2020-03-02T10:31:48.943Z",
    "date": "2020-03-02T10:29:15.456Z",
    "modified_date": "2020-03-02T10:29:15.456Z",
    "status": "1",
    "id": "5e5cdffbb6e94d16a8d5e912",
    "party_id": "5e2d98b055ceb603f830dc65"
  },
  {
    "attendance_date": "2020-03-02T10:32:00.714Z",
    "in_time": "2020-03-02T10:32:00.708Z",
    "date": "2020-03-02T10:32:01.534Z",
    "modified_date": "2020-03-02T10:32:01.534Z",
    "status": "1",
    "id": "5e5ce0a1b6e94d16a8d5e915",
    "party_id": "5e2d98b055ceb603f830dc65"
  }
]